PatientID,PatientDescription
P1,Patient_1
P2,Patient_2
P3,Patient_3
P4,Patient_4
P5,Patient_5
P6,Patient_6
P7,Patient_7
P8,Patient_8
P9,Patient_9
P10,Patient_10
P11,Patient_11
P12,Patient_12
P13,Patient_13
P14,Patient_14
P15,Patient_15
P16,Patient_16
P17,Patient_17
P18,Patient_18
P19,Patient_19
P20,Patient_20
P21,Patient_21
P22,Patient_22
P23,Patient_23
P24,Patient_24
P25,Patient_25
P26,Patient_26
P27,Patient_27
P28,Patient_28
P29,Patient_29
P30,Patient_30
P31,Patient_31
P32,Patient_32
P33,Patient_33
P34,Patient_34
P35,Patient_35
P36,Patient_36
P37,Patient_37
P38,Patient_38
P39,Patient_39
P40,Patient_40
P41,Patient_41
P42,Patient_42
P43,Patient_43
